[
  {
    "tag": "greeting",
    "patterns": [
      "Hey..", "Hey", "Hey.", "Hi", "Hi.", "Hello", "Hey...", "Hey.."
    ],
    "responses": [
      "Hey! Feel free to share anything you're going through. I'm here to listen.",
      "Hello! I'm here to talk about mental health. How can I support you today?",
      "Hi there! I'm here to help with mental health questions. What's on your mind?"
    ]
  },
  
  {
    "tag": "coping",
    "patterns": [
      "How can I handle panic attacks?",
      "What can I do when I feel overwhelmed?",
      "What if I feel like giving up?"
    ],
    "responses": [
      "Try grounding techniques like the 5-4-3-2-1 method, deep breathing, and stay in a safe environment.",
      "Take a break, focus on your breathing, write down your thoughts, or talk to someone you trust.",
      "You're not alone. Talk to someone immediately—a friend, therapist, or support helpline can help you."
    ]
  },
  {
    "tag": "mental_health_awareness",
    "patterns": [
      "What is mental health?",
      "Why is mental health important?",
      "How can I take care of my mental health?"
    ],
    "responses": [
      "Mental health refers to our emotional, psychological, and social well-being. It affects how we think, feel, and act.",
      "Mental health is important because it affects how we handle stress, relate to others, and make decisions.",
      "Taking care of your mental health can involve activities like regular exercise, staying connected with loved ones, seeking therapy, and practicing self-care."
    ]
  },
  {
    "tag": "mental_health_stigma",
    "patterns": [
      "What is the stigma around mental health?",
      "How can I reduce mental health stigma?",
      "Why do people feel ashamed about mental health?"
    ],
    "responses": [
      "Mental health stigma refers to the negative attitudes and beliefs about mental health issues. It can lead to people feeling ashamed or embarrassed about seeking help.",
      "To reduce mental health stigma, we need to educate people, talk openly about mental health, and encourage compassion and understanding.",
      "Many people feel ashamed because of societal attitudes that view mental health as something to be hidden or not discussed. It's important to challenge these beliefs."
    ]
  },
  {
    "tag": "mental_health_resources",
    "patterns": [
      "Where can I get help for mental health issues?",
      "What are some mental health resources?",
      "How can I find a therapist?"
    ],
    "responses": [
      "You can start by talking to your doctor, reaching out to a mental health professional, or looking for online resources like support groups.",
      "There are many resources available, such as therapy, helplines, online counseling, and mental health organizations in your area.",
      "You can search online directories, ask for recommendations, or contact local clinics for mental health professionals who fit your needs."
    ]
  },
  {
    "tag": "mental_health_and_children",
    "patterns": [
      "How does mental health affect children?",
      "How can I support a child with mental health issues?",
      "What are signs of mental health problems in children?"
    ],
    "responses": [
      "Mental health problems in children can affect their learning, behavior, and relationships with others.",
      "You can support a child by listening to them, creating a safe and supportive environment, and encouraging them to express their feelings.",
      "Signs of mental health problems in children can include changes in behavior, withdrawal, difficulty concentrating, and extreme mood swings."
    ]
  },
  {
    "tag": "mental_health_and_adults",
    "patterns": [
      "How does mental health affect adults?",
      "What are common mental health issues in adults?",
      "How can I improve my mental health as an adult?"
    ],
    "responses": [
      "Mental health in adults affects their relationships, work performance, and overall quality of life.",
      "Common mental health issues in adults include depression, anxiety, stress, and bipolar disorder.",
      "Improving mental health as an adult can involve building strong relationships, practicing self-care, seeking professional support, and managing stress effectively."
    ]
  },
  {
    "tag": "mental_health_and_schools",
    "patterns": [
      "How can schools help with mental health?",
      "What is the role of teachers in mental health?",
      "How can schools support students' mental health?"
    ],
    "responses": [
      "Schools can help by creating a supportive environment, offering counseling services, and providing mental health education.",
      "Teachers can support mental health by being understanding, recognizing signs of distress, and referring students to the appropriate resources.",
      "Schools can support students by providing access to counselors, offering mental health programs, and fostering an open, non-judgmental environment."
    ]
  },
  {
    "tag": "mental_health_and_workplace",
    "patterns": [
      "How can workplaces support mental health?",
      "What are the signs of mental health issues in the workplace?",
      "How can I talk to my boss about my mental health?"
    ],
    "responses": [
      "Workplaces can support mental health by offering employee assistance programs, creating a supportive environment, and providing flexibility.",
      "Signs of mental health issues in the workplace include decreased productivity, withdrawal, irritability, and changes in behavior.",
      "Talking to your boss about mental health can be challenging, but it helps to be clear about your needs, seek a private conversation, and suggest solutions."
    ]
  },
  {
    "tag": "mental_health_and_social_media",
    "patterns": [
      "How does social media affect mental health?",
      "Can social media cause anxiety?",
      "How can I manage social media for better mental health?"
    ],
    "responses": [
      "Social media can affect mental health by causing stress, comparison, and feelings of isolation, especially when overused.",
      "Yes, excessive use of social media can contribute to anxiety, depression, and feelings of inadequacy.",
      "To manage social media for better mental health, set boundaries, limit time spent online, and curate your feed to include positive, uplifting content."
    ]
  },   
  {
    "tag": "mental_health_and_sleep",
    "patterns": [
      "How does mental health affect sleep?",
      "Can lack of sleep cause mental health problems?",
      "What are the effects of poor sleep on mental health?"
    ],
    "responses": [
      "Mental health problems, like anxiety and depression, can make it difficult to fall or stay asleep.",
      "Yes, lack of sleep can worsen mental health issues and contribute to conditions like depression and anxiety.",
      "Poor sleep can lead to irritability, difficulty concentrating, and increased stress, making it harder to manage mental health."
    ]
  },
  {
    "tag": "mental_health_and_nutrition",
    "patterns": [
      "How does nutrition affect mental health?",
      "Can a healthy diet improve mental health?",
      "What foods are good for mental health?"
    ],
    "responses": [
      "Nutrition plays a significant role in mental health. A healthy diet can boost mood, energy levels, and cognitive function.",
      "Yes, a healthy diet can improve mental health by supporting brain function, reducing stress, and enhancing mood.",
      "Foods rich in omega-3 fatty acids, antioxidants, and vitamins (like leafy greens, fatty fish, nuts, and seeds) are beneficial for mental health."
    ]
  },
  {
    "tag": "mental_health_and_exercise",
    "patterns": [
      "How does exercise help mental health?",
      "Can physical activity reduce stress?",
      "What types of exercise are good for mental health?"
    ],
    "responses": [
      "Exercise helps by releasing endorphins, which can improve mood and reduce stress. It also promotes better sleep.",
      "Yes, physical activity can reduce stress, anxiety, and symptoms of depression, while boosting self-esteem.",
      "Aerobic exercises like walking, running, or cycling, as well as yoga and strength training, are great for mental health."
    ]
  },
  {
    "tag": "mental_health_and_relationships",
    "patterns": [
      "How do relationships affect mental health?",
      "Can toxic relationships impact mental health?",
      "How can I improve my relationships for better mental health?"
    ],
    "responses": [
      "Healthy relationships can provide support, comfort, and a sense of belonging, which is crucial for mental well-being.",
      "Yes, toxic relationships can contribute to mental health issues, causing stress, anxiety, and depression.",
      "To improve relationships, practice effective communication, set boundaries, and seek mutual respect and understanding."
    ]
  },
  {
    "tag": "mental_health_and_resilience",
    "patterns": [
      "What is resilience in mental health?",
      "How can I build mental resilience?",
      "Why is resilience important for mental health?"
    ],
    "responses": [
      "Resilience is the ability to bounce back from difficult situations and adapt to challenges. It is crucial for mental health.",
      "You can build resilience by developing coping skills, seeking support, maintaining a positive mindset, and focusing on personal growth.",
      "Resilience helps you handle stress, trauma, and adversity more effectively, leading to better mental health and well-being."
    ]
  },
  {
    "tag": "mental_health_and_addiction",
    "patterns": [
      "How does addiction affect mental health?",
      "Can mental health problems lead to addiction?",
      "How can I recover from addiction and improve my mental health?"
    ],
    "responses": [
      "Addiction can worsen mental health by increasing feelings of shame, guilt, and anxiety, and can lead to depression.",
      "Yes, mental health problems such as stress, trauma, or depression can contribute to substance abuse or addictive behaviors.",
      "Recovery involves seeking professional treatment, building a support system, practicing self-care, and addressing the underlying causes of addiction."
    ]
  },
  {
    "tag": "mental_health_and_workplace_stress",
    "patterns": [
      "What is workplace stress?",
      "How does workplace stress affect mental health?",
      "How can I manage stress at work?"
    ],
    "responses": [
      "Workplace stress refers to the pressure, demands, and challenges experienced in a work environment.",
      "Workplace stress can lead to anxiety, burnout, depression, and physical health problems. It's important to address it early.",
      "To manage stress at work, take regular breaks, set boundaries, prioritize tasks, and seek support from colleagues or supervisors."
    ]
  },
  {
    "tag": "mental_health_and_grief",
    "patterns": [
      "How does grief affect mental health?",
      "What are the stages of grief?",
      "How can I cope with grief and loss?"
    ],
    "responses": [
      "Grief can cause emotional distress, anxiety, and depression. It can also affect physical health and daily functioning.",
      "The stages of grief typically include denial, anger, bargaining, depression, and acceptance, but everyone experiences it differently.",
      "Coping with grief can involve seeking support from loved ones, allowing yourself to feel emotions, and considering counseling or therapy."
    ]
  },
  {
    "tag": "mental_health_and_mindfulness",
    "patterns": [
      "What is mindfulness?",
      "How can mindfulness help with mental health?",
      "What are some mindfulness techniques?"
    ],
    "responses": [
      "Mindfulness is the practice of staying present and fully engaged in the current moment, without judgment.",
      "Mindfulness helps by reducing stress, increasing self-awareness, and improving emotional regulation, which supports mental health.",
      "Some mindfulness techniques include deep breathing, meditation, body scans, and mindful walking or eating."
    ]
  },
  {
    "tag": "condition",
    "patterns": [
      "What is depression?",
      "What are symptoms of anxiety?",
      "Can mental health affect physical health?"
    ],
    "responses": [
      "Depression is a common mental health condition characterized by persistent sadness, lack of interest, and low energy.",
      "Symptoms include excessive worry, restlessness, fatigue, and difficulty concentrating.",
      "Yes, mental health issues can lead to physical symptoms like fatigue, headaches, or digestive issues."
    ]
  },
  {
    "tag": "mental_health_awareness",
    "patterns": [
      "What is mental health?",
      "Why is mental health important?",
      "How can I take care of my mental health?"
    ],
    "responses": [
      "Mental health refers to our emotional, psychological, and social well-being. It affects how we think, feel, and act.",
      "Mental health is important because it affects how we handle stress, relate to others, and make decisions.",
      "Taking care of your mental health can involve activities like regular exercise, staying connected with loved ones, seeking therapy, and practicing self-care."
    ]
  },
  {
    "tag": "mental_health_stigma",
    "patterns": [
      "What is the stigma around mental health?",
      "How can I reduce mental health stigma?",
      "Why do people feel ashamed about mental health?"
    ],
    "responses": [
      "Mental health stigma refers to the negative attitudes and beliefs about mental health issues. It can lead to people feeling ashamed or embarrassed about seeking help.",
      "To reduce mental health stigma, we need to educate people, talk openly about mental health, and encourage compassion and understanding.",
      "Many people feel ashamed because of societal attitudes that view mental health as something to be hidden or not discussed. It's important to challenge these beliefs."
    ]
  },
  {
    "tag": "mental_health_resources",
    "patterns": [
      "Where can I get help for mental health issues?",
      "What are some mental health resources?",
      "How can I find a therapist?"
    ],
    "responses": [
      "You can start by talking to your doctor, reaching out to a mental health professional, or looking for online resources like support groups.",
      "There are many resources available, such as therapy, helplines, online counseling, and mental health organizations in your area.",
      "You can search online directories, ask for recommendations, or contact local clinics for mental health professionals who fit your needs."
    ]
  },
  {
    "tag": "mental_health_and_children",
    "patterns": [
      "How does mental health affect children?",
      "How can I support a child with mental health issues?",
      "What are signs of mental health problems in children?"
    ],
    "responses": [
      "Mental health problems in children can affect their learning, behavior, and relationships with others.",
      "You can support a child by listening to them, creating a safe and supportive environment, and encouraging them to express their feelings.",
      "Signs of mental health problems in children can include changes in behavior, withdrawal, difficulty concentrating, and extreme mood swings."
    ]
  },
  {
    "tag": "mental_health_and_adults",
    "patterns": [
      "How does mental health affect adults?",
      "What are common mental health issues in adults?",
      "How can I improve my mental health as an adult?"
    ],
    "responses": [
      "Mental health in adults affects their relationships, work performance, and overall quality of life.",
      "Common mental health issues in adults include depression, anxiety, stress, and bipolar disorder.",
      "Improving mental health as an adult can involve building strong relationships, practicing self-care, seeking professional support, and managing stress effectively."
    ]
  },
  {
    "tag": "mental_health_and_schools",
    "patterns": [
      "How can schools help with mental health?",
      "What is the role of teachers in mental health?",
      "How can schools support students' mental health?"
    ],
    "responses": [
      "Schools can help by creating a supportive environment, offering counseling services, and providing mental health education.",
      "Teachers can support mental health by being understanding, recognizing signs of distress, and referring students to the appropriate resources.",
      "Schools can support students by providing access to counselors, offering mental health programs, and fostering an open, non-judgmental environment."
    ]
  },
  {
    "tag": "mental_health_and_workplace",
    "patterns": [
      "How can workplaces support mental health?",
      "What are the signs of mental health issues in the workplace?",
      "How can I talk to my boss about my mental health?"
    ],
    "responses": [
      "Workplaces can support mental health by offering employee assistance programs, creating a supportive environment, and providing flexibility.",
      "Signs of mental health issues in the workplace include decreased productivity, withdrawal, irritability, and changes in behavior.",
      "Talking to your boss about mental health can be challenging, but it helps to be clear about your needs, seek a private conversation, and suggest solutions."
    ]
  },
  {
    "tag": "mental_health_and_social_media",
    "patterns": [
      "How does social media affect mental health?",
      "Can social media cause anxiety?",
      "How can I manage social media for better mental health?"
    ],
    "responses": [
      "Social media can affect mental health by causing stress, comparison, and feelings of isolation, especially when overused.",
      "Yes, excessive use of social media can contribute to anxiety, depression, and feelings of inadequacy.",
      "To manage social media for better mental health, set boundaries, limit time spent online, and curate your feed to include positive, uplifting content."
    ]
  }, 
  {
    "tag": "lifestyle",
    "patterns": [
      "Can sleep affect my mood?",
      "Does diet play a role in mental health?",
      "How important is exercise for mental health?"
    ],
    "responses": [
      "Absolutely. Poor sleep can increase irritability and lower your ability to cope with stress.",
      "Yes, balanced nutrition can help regulate mood and improve mental clarity.",
      "Exercise releases feel-good chemicals and can reduce stress, anxiety, and depression symptoms."
    ]
  },
  {
    "tag": "relationship",
    "patterns": [
      "How to talk to my parents about my mental health?",
      "What should I do if someone talks about suicide?",
      "How can I help a friend with anxiety?"
    ],
    "responses": [
      "Choose a calm time, express your feelings clearly, and let them know you need their support.",
      "Take it seriously, listen carefully, and help them contact a mental health service or crisis line immediately.",
      "Listen without judging, be supportive, and encourage them to talk to a mental health professional."
    ]
  },
  {
    "tag": "self_help",
    "patterns": [
      "How do I practice self-care?",
      "What can I do to feel better when I'm down?",
      "How can I manage stress?"
    ],
    "responses": [
      "Self-care includes rest, healthy food, exercise, saying no to overwork, and doing things that bring joy.",
      "Talk to a friend, get some fresh air, write in a journal, or do something you enjoy.",
      "Try deep breathing, exercise, mindfulness, and maintaining a balanced routine."
    ]
  },
  {
    "tag": "therapy",
    "patterns": [
      "What happens in therapy?",
      "Should I see a therapist?",
      "Is therapy confidential?"
    ],
    "responses": [
      "Therapists listen, guide, and help you understand and cope with emotions and challenges.",
      "If you're feeling overwhelmed or stuck, therapy can be a great step toward healing and growth.",
      "Yes, therapists must keep sessions private, except in cases where safety is at risk."
    ]
  },
  {
    "tag": "farewell",
    "patterns": [
      "Talk to you later.", "Thank you..", "Goodbye", "Talk to you later", "Thank you", "Thank you...", "Thank you."
    ],
    "responses": [
      "Sure, I'm always here when you're ready to talk again.",
      "You're very welcome. Take care of yourself!",
      "Goodbye! Remember, your mental health matters. I'm here whenever you need."
    ]
  } 
]
